Metric,Value
Minimum (Q0),0.1420938916731817
Q1 (25%),0.17265359442384948
Median (Q2),0.21857812298405643
Q3 (75%),0.2712116570579216
Maximum (Q4),0.36875912505724073
IQR (Q3 - Q1),0.09855806263407213
Lower Bound,0.024816500472741282
Upper Bound,0.41904875100902983
Outliers,None
