Metric,Value
Minimum (Q0),0.15262284776092658
Q1 (25%),0.31862508189041766
Median (Q2),0.4009606795394009
Q3 (75%),0.45940759189154773
Maximum (Q4),0.6385275144493356
IQR (Q3 - Q1),0.14078251000113007
Lower Bound,0.10745131688872256
Upper Bound,0.6705813568932428
Outliers,None
