Metric,Value
Minimum (Q0),0.0581864493791896
Q1 (25%),0.0993642285964647
Median (Q2),0.1356474541356614
Q3 (75%),0.16080449875223654
Maximum (Q4),0.2005814042146486
IQR (Q3 - Q1),0.061440270155771845
Lower Bound,0.007203823362806935
Upper Bound,0.25296490398589433
Outliers,None
