Metric,Value
Minimum (Q0),0.07601904980726382
Q1 (25%),0.15031577838105625
Median (Q2),0.19567150252104232
Q3 (75%),0.2639289476260782
Maximum (Q4),0.5366345735550891
IQR (Q3 - Q1),0.11361316924502196
Lower Bound,-0.02010397548647669
Upper Bound,0.43434870149361116
Outliers,"0.5366345735550891, 0.46893954644907454, 0.46313344643276977, 0.4960091463453187, 0.44008249349503525, 0.44936791046914354"
