Metric,Value
Minimum (Q0),0.07496531320191674
Q1 (25%),0.09760516337968109
Median (Q2),0.13273105641379412
Q3 (75%),0.15632481117337746
Maximum (Q4),0.2152630215795113
IQR (Q3 - Q1),0.05871964779369637
Lower Bound,0.009525691689136528
Upper Bound,0.24440428286392202
Outliers,None
