Metric,Value
Minimum (Q0),0.13751811528494567
Q1 (25%),0.21343704306477396
Median (Q2),0.314168298744793
Q3 (75%),0.38522088821614764
Maximum (Q4),0.6448806469497155
IQR (Q3 - Q1),0.17178384515137368
Lower Bound,-0.044238724662286566
Upper Bound,0.6428966559432081
Outliers,0.6448806469497155
