Metric,Value
Minimum (Q0),0.12813818359593654
Q1 (25%),0.1613767128048952
Median (Q2),0.20682721914091834
Q3 (75%),0.2447312583048584
Maximum (Q4),0.4121548936964128
IQR (Q3 - Q1),0.08335454549996318
Lower Bound,0.036344894554950435
Upper Bound,0.36976307655480317
Outliers,0.4121548936964128
