Metric,Value
Minimum (Q0),0.056649246197732615
Q1 (25%),0.10243845660533282
Median (Q2),0.15421895286415035
Q3 (75%),0.20184380208230981
Maximum (Q4),0.31933082640298144
IQR (Q3 - Q1),0.09940534547697699
Lower Bound,-0.046669561610132665
Upper Bound,0.3509518202977753
Outliers,None
