Metric,Value
Minimum (Q0),0.2259240833161236
Q1 (25%),0.37533617026292565
Median (Q2),0.4522573742416401
Q3 (75%),0.558265738520458
Maximum (Q4),0.8718639611716513
IQR (Q3 - Q1),0.18292956825753237
Lower Bound,0.1009418178766271
Upper Bound,0.8326600909067565
Outliers,0.8718639611716513
