Metric,Value
Minimum (Q0),0.0429499805192985
Q1 (25%),0.11743155654543552
Median (Q2),0.16395228409854784
Q3 (75%),0.23057810760812952
Maximum (Q4),0.7125225441592249
IQR (Q3 - Q1),0.113146551062694
Lower Bound,-0.05228827004860548
Upper Bound,0.4002979342021705
Outliers,"0.4035214992194014, 0.4203566935152228, 0.4582165045837107, 0.7125225441592249, 0.428203397519692, 0.5738250950055489, 0.418953510473965, 0.4407438503807738, 0.470599871206143"
