Metric,Value
Minimum (Q0),0.0774148321345293
Q1 (25%),0.0982707387655171
Median (Q2),0.1350259605773446
Q3 (75%),0.20100829626332717
Maximum (Q4),0.4094894591221974
IQR (Q3 - Q1),0.10273755749781006
Lower Bound,-0.055835597481198
Upper Bound,0.35511463251004227
Outliers,0.4094894591221974
