Metric,Value
Minimum (Q0),0.05910207963579634
Q1 (25%),0.12381226891926275
Median (Q2),0.15488145260650782
Q3 (75%),0.21711280725369264
Maximum (Q4),0.35611131369890564
IQR (Q3 - Q1),0.09330053833442989
Lower Bound,-0.016138538582382095
Upper Bound,0.3570636147553375
Outliers,None
