Metric,Value
Minimum (Q0),0.21223614171958252
Q1 (25%),0.325000272323176
Median (Q2),0.43265608053075055
Q3 (75%),0.48536052881643865
Maximum (Q4),0.6600485641972189
IQR (Q3 - Q1),0.16036025649326263
Lower Bound,0.08445988758328207
Upper Bound,0.7259009135563326
Outliers,None
