Metric,Value
Minimum (Q0),0.11288205703566177
Q1 (25%),0.20047806207163346
Median (Q2),0.23442209559893332
Q3 (75%),0.288104670489031
Maximum (Q4),0.5366345735550891
IQR (Q3 - Q1),0.08762660841739753
Lower Bound,0.06903814944553718
Upper Bound,0.41954458311512727
Outliers,0.5366345735550891
