Metric,Value
Minimum (Q0),0.1008361976018899
Q1 (25%),0.15643448952105926
Median (Q2),0.1780471924426006
Q3 (75%),0.2546201253408725
Maximum (Q4),0.4126977172669184
IQR (Q3 - Q1),0.09818563581981327
Lower Bound,0.009156035791339362
Upper Bound,0.40189857907059245
Outliers,0.4126977172669184
