Metric,Value
Minimum (Q0),0.199534159366598
Q1 (25%),0.2869899795112306
Median (Q2),0.3683443198926904
Q3 (75%),0.49489281804167295
Maximum (Q4),1.2542163609803754
IQR (Q3 - Q1),0.20790283853044234
Lower Bound,-0.024864278284432884
Upper Bound,0.8067470758373365
Outliers,"1.02824278016704, 0.847046479914973, 1.2542163609803754"
