Metric,Value
Minimum (Q0),0.1420970621602658
Q1 (25%),0.1853618610270921
Median (Q2),0.2325809975062358
Q3 (75%),0.2981838348905318
Maximum (Q4),0.6175522278865945
IQR (Q3 - Q1),0.1128219738634397
Lower Bound,0.016128900231932558
Upper Bound,0.46741679568569133
Outliers,"0.4967369331046012, 0.6175522278865945"
