Metric,Value
Minimum (Q0),0.1620391291983709
Q1 (25%),0.31919072901638573
Median (Q2),0.3893432089318648
Q3 (75%),0.511612728803484
Maximum (Q4),0.8878531649206144
IQR (Q3 - Q1),0.19242199978709823
Lower Bound,0.03055772933573836
Upper Bound,0.8002457284841313
Outliers,"0.8668937844570946, 0.8878531649206144"
