Metric,Value
Minimum (Q0),0.1693630723006396
Q1 (25%),0.3232972464213375
Median (Q2),0.3670850729376621
Q3 (75%),0.40001547673510607
Maximum (Q4),0.5040723692192748
IQR (Q3 - Q1),0.07671823031376857
Lower Bound,0.20821990095068466
Upper Bound,0.5150928222057589
Outliers,"0.1693630723006396, 0.1784330665513448"
