Metric,Value
Minimum (Q0),0.18883891930256574
Q1 (25%),0.31072943374574513
Median (Q2),0.38279254540707636
Q3 (75%),0.5293976556103691
Maximum (Q4),0.8729954586345917
IQR (Q3 - Q1),0.21866822186462398
Lower Bound,-0.017272899051190838
Upper Bound,0.8573999884073051
Outliers,0.8729954586345917
