Metric,Value
Minimum (Q0),0.15593312526530317
Q1 (25%),0.26140207430414725
Median (Q2),0.3401939714240333
Q3 (75%),0.6574784710635035
Maximum (Q4),1.2427922402667124
IQR (Q3 - Q1),0.3960763967593563
Lower Bound,-0.33271252083488717
Upper Bound,1.2515930662025379
Outliers,None
