Metric,Value
Minimum (Q0),0.0792057882550293
Q1 (25%),0.13440025963820984
Median (Q2),0.1738810390364993
Q3 (75%),0.20175122450673733
Maximum (Q4),0.3566003390929538
IQR (Q3 - Q1),0.06735096486852749
Lower Bound,0.03337381233541861
Upper Bound,0.3027776718095285
Outliers,"0.3361245432198025, 0.3566003390929538, 0.3315591615192144"
