Metric,Value
Minimum (Q0),0.0963209068749038
Q1 (25%),0.16598652949156964
Median (Q2),0.2311076018500092
Q3 (75%),0.2555088196447177
Maximum (Q4),0.4035214992194014
IQR (Q3 - Q1),0.08952229015314808
Lower Bound,0.0317030942618475
Upper Bound,0.38979225487443986
Outliers,0.4035214992194014
