Metric,Value
Minimum (Q0),0.10260032543067506
Q1 (25%),0.15742371961771737
Median (Q2),0.1896172525159043
Q3 (75%),0.24585782180150179
Maximum (Q4),0.39786342019252585
IQR (Q3 - Q1),0.08843410218378442
Lower Bound,0.024772566342040753
Upper Bound,0.3785089750771784
Outliers,0.39786342019252585
