Metric,Value
Minimum (Q0),0.054686288511911
Q1 (25%),0.12076918698825956
Median (Q2),0.149887764140755
Q3 (75%),0.19905707909017423
Maximum (Q4),0.3147701818204047
IQR (Q3 - Q1),0.07828789210191467
Lower Bound,0.0033373488353875547
Upper Bound,0.31648891724304623
Outliers,None
