Metric,Value
Minimum (Q0),0.11015575260276031
Q1 (25%),0.15342571191537474
Median (Q2),0.20650238134327964
Q3 (75%),0.3333305061733719
Maximum (Q4),0.43379468109426705
IQR (Q3 - Q1),0.17990479425799716
Lower Bound,-0.11643147947162097
Upper Bound,0.6031876975603676
Outliers,None
