Metric,Value
Minimum (Q0),0.16446536476568294
Q1 (25%),0.24962183415724104
Median (Q2),0.36952527280904873
Q3 (75%),0.5379541982048308
Maximum (Q4),0.9165129421718916
IQR (Q3 - Q1),0.2883323640475898
Lower Bound,-0.18287671191414362
Upper Bound,0.9704527442762154
Outliers,None
