Metric,Value
Minimum (Q0),0.0611000217915244
Q1 (25%),0.1028882392902445
Median (Q2),0.1326856783224347
Q3 (75%),0.17175563693397095
Maximum (Q4),0.2936287113306334
IQR (Q3 - Q1),0.06886739764372644
Lower Bound,-0.00041285717534515765
Upper Bound,0.2750567333995606
Outliers,0.2936287113306334
