Metric,Value
Minimum (Q0),0.13724314003337193
Q1 (25%),0.28083274861286395
Median (Q2),0.38447336789426395
Q3 (75%),0.5060082280782097
Maximum (Q4),0.963156510964936
IQR (Q3 - Q1),0.22517547946534572
Lower Bound,-0.0569304705851546
Upper Bound,0.8437714472762282
Outliers,"0.9032363008493337, 0.963156510964936"
