Metric,Value
Minimum (Q0),0.10293798694920336
Q1 (25%),0.15032967081099147
Median (Q2),0.19463548710571169
Q3 (75%),0.2491506756883105
Maximum (Q4),0.3968327619684734
IQR (Q3 - Q1),0.09882100487731904
Lower Bound,0.0020981634950129058
Upper Bound,0.39738218300428907
Outliers,None
