Metric,Value
Minimum (Q0),0.09475540627328928
Q1 (25%),0.15936141546783256
Median (Q2),0.2293829340254144
Q3 (75%),0.2717687075736355
Maximum (Q4),0.5228200879562133
IQR (Q3 - Q1),0.11240729210580297
Lower Bound,-0.009249522690871897
Upper Bound,0.44037964573234
Outliers,"0.4613020409162551, 0.48519906270137353, 0.4817320592233362, 0.5228200879562133"
