Metric,Value
Minimum (Q0),0.1566983880436899
Q1 (25%),0.25205951359596807
Median (Q2),0.39248918078075845
Q3 (75%),0.5460064856836032
Maximum (Q4),0.8781850183212844
IQR (Q3 - Q1),0.29394697208763515
Lower Bound,-0.1888609445354847
Upper Bound,0.986926943815056
Outliers,None
