Metric,Value
Minimum (Q0),0.09788912047766711
Q1 (25%),0.1518200738009572
Median (Q2),0.17175368868229757
Q3 (75%),0.25018141355554996
Maximum (Q4),0.44936791046914354
IQR (Q3 - Q1),0.09836133975459277
Lower Bound,0.0042780641690680354
Upper Bound,0.39772342318743914
Outliers,"0.4005047541742791, 0.4181389076325406, 0.44936791046914354"
