Metric,Value
Minimum (Q0),0.1519005099165748
Q1 (25%),0.21076022529121308
Median (Q2),0.3144461035061326
Q3 (75%),0.40298262246078653
Maximum (Q4),1.0798929942025368
IQR (Q3 - Q1),0.19222239716957346
Lower Bound,-0.0775733704631471
Upper Bound,0.6913162182151467
Outliers,"1.0721414663658453, 0.8744984848520886, 1.024677227113928, 1.0798929942025368, 0.6939725834355529"
