Metric,Value
Minimum (Q0),0.08872152403457652
Q1 (25%),0.1389620701399601
Median (Q2),0.20559169739007332
Q3 (75%),0.23678180895467785
Maximum (Q4),0.36355872959696445
IQR (Q3 - Q1),0.09781973881471775
Lower Bound,-0.007767538082116554
Upper Bound,0.3835114171767545
Outliers,None
