Metric,Value
Minimum (Q0),0.11398420591704937
Q1 (25%),0.2682037582140583
Median (Q2),0.3833547297798916
Q3 (75%),0.5282904162816571
Maximum (Q4),1.8264507653418043
IQR (Q3 - Q1),0.2600866580675988
Lower Bound,-0.1219262288873399
Upper Bound,0.9184204033830552
Outliers,"0.9305009005132774, 0.9245422341921702, 0.9437741546224554, 1.039354944413279, 1.0137598173297897, 1.2427922402667124, 1.5979123794007022, 1.1968441118649664, 1.3136652668352216, 1.1206032915326036, 0.9918862489454199, 1.0461738624510544, 0.9341851097502009, 1.1509362006969843, 0.9660636785322204, 1.0169021203947164, 0.9819719964355932, 1.8264507653418043"
