Metric,Value
Minimum (Q0),0.1593630249066409
Q1 (25%),0.2205200682638395
Median (Q2),0.2867520025147319
Q3 (75%),0.37727882499366827
Maximum (Q4),0.6113090515492422
IQR (Q3 - Q1),0.15675875672982878
Lower Bound,-0.014618066830903692
Upper Bound,0.6124169600884115
Outliers,None
