Metric,Value
Minimum (Q0),0.12523586666436765
Q1 (25%),0.1687403058835002
Median (Q2),0.32410786485327475
Q3 (75%),0.4434546369039636
Maximum (Q4),1.045888203423447
IQR (Q3 - Q1),0.2747143310204634
Lower Bound,-0.24333119064719488
Upper Bound,0.8555261334346587
Outliers,"1.045888203423447, 0.8970197983955611, 0.9578193294085143"
