Metric,Value
Minimum (Q0),0.11170356969967928
Q1 (25%),0.26399730665040533
Median (Q2),0.35495498155156935
Q3 (75%),0.4727332153784186
Maximum (Q4),1.0054034496690525
IQR (Q3 - Q1),0.2087359087280133
Lower Bound,-0.0491065564416146
Upper Bound,0.7858370784704385
Outliers,"0.9032363008493337, 0.963156510964936, 0.8041153402421483, 0.8890715586410068, 0.9454504430238121, 1.0054034496690525, 0.9120953851814043"
