Metric,Value
Minimum (Q0),0.09081653019320714
Q1 (25%),0.123008708762155
Median (Q2),0.13708696157946632
Q3 (75%),0.20745500085732213
Maximum (Q4),0.38134305414062664
IQR (Q3 - Q1),0.08444629209516713
Lower Bound,-0.0036607293805956953
Upper Bound,0.3341244390000728
Outliers,"0.38134305414062664, 0.3701873118498444"
