Metric,Value
Minimum (Q0),0.15271049353761068
Q1 (25%),0.223467862549093
Median (Q2),0.2710478220094543
Q3 (75%),0.4358613159717498
Maximum (Q4),0.9632867509171535
IQR (Q3 - Q1),0.2123934534226568
Lower Bound,-0.0951223175848922
Upper Bound,0.754451496105735
Outliers,"0.9632867509171535, 0.8119119091624959"
