Metric,Value
Minimum (Q0),0.111360937079548
Q1 (25%),0.15193253524020234
Median (Q2),0.232133027332328
Q3 (75%),0.3305895054021334
Maximum (Q4),0.6822145450274296
IQR (Q3 - Q1),0.17865697016193105
Lower Bound,-0.11605292000269424
Upper Bound,0.5985749606450299
Outliers,"0.6062809907022453, 0.6155863450638326, 0.6822145450274296"
