Metric,Value
Minimum (Q0),0.191667967090103
Q1 (25%),0.33154547123077494
Median (Q2),0.400122165100041
Q3 (75%),0.5038731178489494
Maximum (Q4),1.3996440006193094
IQR (Q3 - Q1),0.17232764661817446
Lower Bound,0.07305400130351325
Upper Bound,0.7623645877762111
Outliers,"1.3996440006193094, 1.2381610340380624, 1.258971587207905, 1.2419707348899474, 0.9977726292561302"
