Metric,Value
Minimum (Q0),0.05397123933811124
Q1 (25%),0.09746122317114471
Median (Q2),0.1327549020808838
Q3 (75%),0.18564899988368436
Maximum (Q4),0.32697785443020355
IQR (Q3 - Q1),0.08818777671253965
Lower Bound,-0.03482044189766477
Upper Bound,0.31793066495249384
Outliers,0.32697785443020355
