Metric,Value
Minimum (Q0),0.12078483447998639
Q1 (25%),0.16045135777442993
Median (Q2),0.2593139015852826
Q3 (75%),0.3499946121641696
Maximum (Q4),0.4117234079968905
IQR (Q3 - Q1),0.18954325438973968
Lower Bound,-0.12386352381017957
Upper Bound,0.6343094937487791
Outliers,None
