Metric,Value
Minimum (Q0),0.12730666432637489
Q1 (25%),0.27507544119922617
Median (Q2),0.3478786290430312
Q3 (75%),0.49461605974374584
Maximum (Q4),1.0054034496690525
IQR (Q3 - Q1),0.21954061854451967
Lower Bound,-0.05423548661755334
Upper Bound,0.8239269875605253
Outliers,"0.9454504430238121, 1.0054034496690525"
