Metric,Value
Minimum (Q0),0.160372278264007
Q1 (25%),0.2662450284749294
Median (Q2),0.5037851234719785
Q3 (75%),0.7779501050793651
Maximum (Q4),1.1802625064215342
IQR (Q3 - Q1),0.5117050766044358
Lower Bound,-0.5013125864317243
Upper Bound,1.5455077199860188
Outliers,None
