Metric,Value
Minimum (Q0),0.0814760258212132
Q1 (25%),0.16287934322870185
Median (Q2),0.2181928072868891
Q3 (75%),0.35076867351675567
Maximum (Q4),0.7781409332686817
IQR (Q3 - Q1),0.18788933028805382
Lower Bound,-0.11895465220337892
Upper Bound,0.6326026689488364
Outliers,"0.7781409332686817, 0.6429623767772719, 0.6756934143768939"
