Metric,Value
Minimum (Q0),0.0991840111835576
Q1 (25%),0.1608020551231389
Median (Q2),0.2353289710363756
Q3 (75%),0.2841846472410693
Maximum (Q4),0.4827884156301786
IQR (Q3 - Q1),0.1233825921179304
Lower Bound,-0.024271833053756714
Upper Bound,0.4692585354179649
Outliers,0.4827884156301786
