Metric,Value
Minimum (Q0),0.2025881015280203
Q1 (25%),0.2810302760339559
Median (Q2),0.37628257329458786
Q3 (75%),0.4749080380580305
Maximum (Q4),0.9305009005132774
IQR (Q3 - Q1),0.19387776202407458
Lower Bound,-0.00978636700215596
Upper Bound,0.7657246810941424
Outliers,0.9305009005132774
