Metric,Value
Minimum (Q0),0.1238918118391904
Q1 (25%),0.29564446487032925
Median (Q2),0.3975210313242663
Q3 (75%),0.5353682981310517
Maximum (Q4),1.612402369602746
IQR (Q3 - Q1),0.23972383326072244
Lower Bound,-0.06394128502075441
Upper Bound,0.8949540480221354
Outliers,"1.2789356906884075, 1.267172906346669, 1.612402369602746, 1.266585034307122, 1.4829674673674589, 1.2347797936505087, 0.9722910086104212, 0.9456842245167976, 0.9747191704199416"
