Metric,Value
Minimum (Q0),0.153672759106674
Q1 (25%),0.3265871426238598
Median (Q2),0.4294332715735042
Q3 (75%),0.5283233076869761
Maximum (Q4),0.7242835024183728
IQR (Q3 - Q1),0.2017361650631163
Lower Bound,0.023982895029185325
Upper Bound,0.8309275552816506
Outliers,None
