Metric,Value
Minimum (Q0),0.1230433550068102
Q1 (25%),0.14883676237212295
Median (Q2),0.2057750129445211
Q3 (75%),0.25146193380555526
Maximum (Q4),0.3620789239495724
IQR (Q3 - Q1),0.1026251714334323
Lower Bound,-0.005100994778025503
Upper Bound,0.4053996909557037
Outliers,None
