Metric,Value
Minimum (Q0),0.33668405357994163
Q1 (25%),0.5778381049600312
Median (Q2),0.8041789733229663
Q3 (75%),0.9171176905600009
Maximum (Q4),1.8264507653418043
IQR (Q3 - Q1),0.33927958559996974
Lower Bound,0.06891872656007658
Upper Bound,1.4260370689599555
Outliers,1.8264507653418043
