Metric,Value
Minimum (Q0),0.1133560364794691
Q1 (25%),0.18449003156890845
Median (Q2),0.2228921068818348
Q3 (75%),0.2674303063680247
Maximum (Q4),0.4753648395231417
IQR (Q3 - Q1),0.08294027479911623
Lower Bound,0.06007961937023411
Upper Bound,0.391840718566699
Outliers,0.4753648395231417
