Metric,Value
Minimum (Q0),0.0621729796657327
Q1 (25%),0.17603308235973564
Median (Q2),0.2591407573173594
Q3 (75%),0.3265292695741938
Maximum (Q4),0.4957276844230848
IQR (Q3 - Q1),0.15049618721445818
Lower Bound,-0.04971119846195163
Upper Bound,0.5522735503958811
Outliers,None
