Metric,Value
Minimum (Q0),0.2269298671981401
Q1 (25%),0.3572342111150738
Median (Q2),0.4169008868350322
Q3 (75%),0.5827036810200217
Maximum (Q4),1.0134516450524165
IQR (Q3 - Q1),0.22546946990494787
Lower Bound,0.019030006257652
Upper Bound,0.9209078858774435
Outliers,1.0134516450524165
