Metric,Value
Minimum (Q0),0.1361165911710726
Q1 (25%),0.270219809550291
Median (Q2),0.3425171276384163
Q3 (75%),0.5061331545661236
Maximum (Q4),1.010082986814783
IQR (Q3 - Q1),0.2359133450158326
Lower Bound,-0.0836502079734579
Upper Bound,0.8600031720898725
Outliers,"0.9525808266120726, 1.010082986814783"
