Metric,Value
Minimum (Q0),0.11398420591704937
Q1 (25%),0.20840822100953904
Median (Q2),0.24504989548453215
Q3 (75%),0.3315108897063721
Maximum (Q4),0.4733320068791014
IQR (Q3 - Q1),0.12310266869683306
Lower Bound,0.023754217964289448
Upper Bound,0.5161648927516217
Outliers,None
