Metric,Value
Minimum (Q0),0.171990188857281
Q1 (25%),0.36858573071480977
Median (Q2),0.5136669264615376
Q3 (75%),0.5868291378448998
Maximum (Q4),1.2789356906884075
IQR (Q3 - Q1),0.21824340713009
Lower Bound,0.0412206200196748
Upper Bound,0.9141942485400347
Outliers,1.2789356906884075
