Metric,Value
Minimum (Q0),0.14826103679279992
Q1 (25%),0.2515219770954734
Median (Q2),0.3080252494121394
Q3 (75%),0.45956701290447155
Maximum (Q4),1.4231384731503656
IQR (Q3 - Q1),0.20804503580899814
Lower Bound,-0.06054557661802379
Upper Bound,0.7716345666179687
Outliers,"1.1103487745874863, 1.4231384731503656"
