Metric,Value
Minimum (Q0),0.11170356969967928
Q1 (25%),0.23543583942273763
Median (Q2),0.29749605541752255
Q3 (75%),0.425365097777078
Maximum (Q4),0.5803952073686525
IQR (Q3 - Q1),0.18992925835434035
Lower Bound,-0.049458048108772884
Upper Bound,0.7102589853085886
Outliers,None
