Metric,Value
Minimum (Q0),0.1843329498049928
Q1 (25%),0.23178400193281995
Median (Q2),0.29327651881230926
Q3 (75%),0.3795723956547561
Maximum (Q4),0.5985590111590752
IQR (Q3 - Q1),0.14778839372193614
Lower Bound,0.01010141134991574
Upper Bound,0.6012549862376603
Outliers,None
