Metric,Value
Minimum (Q0),0.2559330341867885
Q1 (25%),0.3611359379737412
Median (Q2),0.43817763893130834
Q3 (75%),0.5493000953596296
Maximum (Q4),0.7193637382325581
IQR (Q3 - Q1),0.18816415738588843
Lower Bound,0.07888970189490857
Upper Bound,0.8315463314384623
Outliers,None
