Metric,Value
Minimum (Q0),0.1405359390406227
Q1 (25%),0.2429627680167343
Median (Q2),0.3660219848945898
Q3 (75%),0.7554662421366471
Maximum (Q4),1.5979123794007022
IQR (Q3 - Q1),0.5125034741199128
Lower Bound,-0.5257924431631349
Upper Bound,1.5242214533165164
Outliers,1.5979123794007022
