Metric,Value
Minimum (Q0),0.1541224178779165
Q1 (25%),0.24649358483804917
Median (Q2),0.3528151133857224
Q3 (75%),0.5116523918665515
Maximum (Q4),0.7299417657990526
IQR (Q3 - Q1),0.26515880702850236
Lower Bound,-0.15124462570470437
Upper Bound,0.909390602409305
Outliers,None
