Metric,Value
Minimum (Q0),0.040357669185008
Q1 (25%),0.0827728236473162
Median (Q2),0.0963588282558538
Q3 (75%),0.1254242587929521
Maximum (Q4),0.1947875645219301
IQR (Q3 - Q1),0.04265143514563591
Lower Bound,0.018795670928862335
Upper Bound,0.18940141151140596
Outliers,0.1947875645219301
