Metric,Value
Minimum (Q0),0.09661815448442808
Q1 (25%),0.21333347069138653
Median (Q2),0.25434092422033905
Q3 (75%),0.2971818574757751
Maximum (Q4),0.4397526311471419
IQR (Q3 - Q1),0.08384838678438855
Lower Bound,0.0875608905148037
Upper Bound,0.4229544376523579
Outliers,0.4397526311471419
