Metric,Value
Minimum (Q0),0.11835015979713757
Q1 (25%),0.16916628026492714
Median (Q2),0.22830728152999458
Q3 (75%),0.3073973608136407
Maximum (Q4),0.49244685582376163
IQR (Q3 - Q1),0.13823108054871358
Lower Bound,-0.03818034055814323
Upper Bound,0.5147439816367111
Outliers,None
