Metric,Value
Minimum (Q0),0.03835971795323981
Q1 (25%),0.08272408350903068
Median (Q2),0.09845932057084932
Q3 (75%),0.1274270812480618
Maximum (Q4),0.1908884600634435
IQR (Q3 - Q1),0.04470299773903111
Lower Bound,0.01566958690048402
Upper Bound,0.19448157785660847
Outliers,None
