Metric,Value
Minimum (Q0),0.08754540571128083
Q1 (25%),0.17774472894660964
Median (Q2),0.23844821489076257
Q3 (75%),0.3108626812599582
Maximum (Q4),0.6806788078724842
IQR (Q3 - Q1),0.13311795231334855
Lower Bound,-0.021932199523413187
Upper Bound,0.510539609729981
Outliers,"0.5381624121415081, 0.6413114456549972, 0.6350247328966375, 0.6806788078724842, 0.5105896493607445, 0.6483225723363453"
