Metric,Value
Minimum (Q0),0.0467146454509825
Q1 (25%),0.0760164810007762
Median (Q2),0.097275594462091
Q3 (75%),0.11759101519006945
Maximum (Q4),0.1860990683426858
IQR (Q3 - Q1),0.04157453418929326
Lower Bound,0.013654679716836308
Upper Bound,0.17995281647400935
Outliers,0.1860990683426858
