Metric,Value
Minimum (Q0),0.0958860480538149
Q1 (25%),0.1638591739473591
Median (Q2),0.2367683675600374
Q3 (75%),0.34043300235611573
Maximum (Q4),0.6350247328966375
IQR (Q3 - Q1),0.17657382840875663
Lower Bound,-0.10100156866577586
Upper Bound,0.6052937449692507
Outliers,0.6350247328966375
