Metric,Value
Minimum (Q0),0.11172696709157491
Q1 (25%),0.16051481485789904
Median (Q2),0.21480818618159303
Q3 (75%),0.25943265472897437
Maximum (Q4),0.42175151810219963
IQR (Q3 - Q1),0.09891783987107533
Lower Bound,0.01213805505128604
Upper Bound,0.4078094145355874
Outliers,0.42175151810219963
