Metric,Value
Minimum (Q0),0.06264836671420793
Q1 (25%),0.12367459248590883
Median (Q2),0.16423014496437804
Q3 (75%),0.23500991018213757
Maximum (Q4),0.49244685582376163
IQR (Q3 - Q1),0.11133531769622874
Lower Bound,-0.0433283840584343
Upper Bound,0.4020128867264807
Outliers,"0.4197769242832572, 0.4394028563343065, 0.49244685582376163"
