Metric,Value
Minimum (Q0),0.0593700503848348
Q1 (25%),0.2449010514586254
Median (Q2),0.34291118699347384
Q3 (75%),0.42885545778397033
Maximum (Q4),0.9559202884322896
IQR (Q3 - Q1),0.18395440632534493
Lower Bound,-0.03103055802939203
Upper Bound,0.7047870672719878
Outliers,"0.9559202884322896, 0.7826484314880678, 0.8004957749517337, 0.7299417657990526, 0.7477831703077038, 0.7233810857245428, 0.7233632316768969, 0.8043764399736343"
