Metric,Value
Minimum (Q0),0.10347706577603571
Q1 (25%),0.16579543934796154
Median (Q2),0.20204302205223873
Q3 (75%),0.22918535994490097
Maximum (Q4),0.3672567803660517
IQR (Q3 - Q1),0.06338992059693943
Lower Bound,0.07071055845255239
Upper Bound,0.3242702408403101
Outliers,"0.3672567803660517, 0.34712125772988367, 0.3589057763423766"
