Metric,Value
Minimum (Q0),0.13520956221847458
Q1 (25%),0.2546227281671064
Median (Q2),0.3081421637409865
Q3 (75%),0.40184420679366106
Maximum (Q4),0.6399501849710332
IQR (Q3 - Q1),0.14722147862655466
Lower Bound,0.03379051022727442
Upper Bound,0.622676424733493
Outliers,0.6399501849710332
