Metric,Value
Minimum (Q0),0.1697737908950016
Q1 (25%),0.3365156187267825
Median (Q2),0.427173951620183
Q3 (75%),0.4696580793393127
Maximum (Q4),0.6319029875454935
IQR (Q3 - Q1),0.1331424606125302
Lower Bound,0.13680192780798717
Upper Bound,0.669371770258108
Outliers,None
