Metric,Value
Minimum (Q0),0.0850200857537436
Q1 (25%),0.18917688107299968
Median (Q2),0.2582910051316211
Q3 (75%),0.38282816325874025
Maximum (Q4),0.4531485508355097
IQR (Q3 - Q1),0.19365128218574057
Lower Bound,-0.10130004220561117
Upper Bound,0.6733050865373511
Outliers,None
