Metric,Value
Minimum (Q0),0.11663527549422638
Q1 (25%),0.15045264412301246
Median (Q2),0.21255402971958917
Q3 (75%),0.24567273391053412
Maximum (Q4),0.35871953910394583
IQR (Q3 - Q1),0.09522008978752167
Lower Bound,0.007622509441729958
Upper Bound,0.3885028685918166
Outliers,None
