Metric,Value
Minimum (Q0),0.15348383791025427
Q1 (25%),0.20239694918942114
Median (Q2),0.2536719599962696
Q3 (75%),0.32380207774722525
Maximum (Q4),0.5227414074020382
IQR (Q3 - Q1),0.12140512855780411
Lower Bound,0.020289256352714974
Upper Bound,0.5059097705839314
Outliers,"0.5227414074020382, 0.5119926754813114"
