Metric,Value
Minimum (Q0),0.1719005422826428
Q1 (25%),0.3210349895796465
Median (Q2),0.3851706589502559
Q3 (75%),0.500217543166496
Maximum (Q4),0.8043764399736343
IQR (Q3 - Q1),0.17918255358684954
Lower Bound,0.05226115919937219
Upper Bound,0.7689913735467704
Outliers,0.8043764399736343
