Metric,Value
Minimum (Q0),0.1423655652049016
Q1 (25%),0.1864573183404064
Median (Q2),0.2049411692654261
Q3 (75%),0.2504945547999964
Maximum (Q4),0.3279848042440667
IQR (Q3 - Q1),0.06403723645958997
Lower Bound,0.09040146365102145
Upper Bound,0.3465504094893813
Outliers,None
