Metric,Value
Minimum (Q0),0.05844449520402232
Q1 (25%),0.10648607335267649
Median (Q2),0.14612470767849914
Q3 (75%),0.17276048079325268
Maximum (Q4),0.338260908308837
IQR (Q3 - Q1),0.0662744074405762
Lower Bound,0.007074462191812195
Upper Bound,0.27217209195411696
Outliers,"0.338260908308837, 0.2727188699062549, 0.3176013706182081"
