Metric,Value
Minimum (Q0),0.19399320924366154
Q1 (25%),0.2332770478567285
Median (Q2),0.2929703527335942
Q3 (75%),0.34473517970567824
Maximum (Q4),0.6806788078724842
IQR (Q3 - Q1),0.11145813184894973
Lower Bound,0.0660898500833039
Upper Bound,0.5119223774791029
Outliers,0.6806788078724842
