Metric,Value
Minimum (Q0),0.22627577690629785
Q1 (25%),0.29535977583999823
Median (Q2),0.34918408060863004
Q3 (75%),0.39389198896934513
Maximum (Q4),0.616910864033697
IQR (Q3 - Q1),0.0985322131293469
Lower Bound,0.14756145614597788
Upper Bound,0.5416903086633655
Outliers,"0.5812166694517652, 0.616910864033697"
