Metric,Value
Minimum (Q0),0.08896550286857442
Q1 (25%),0.2072433978118026
Median (Q2),0.2872066435374898
Q3 (75%),0.39187380259512483
Maximum (Q4),1.1770441911680791
IQR (Q3 - Q1),0.18463040478332224
Lower Bound,-0.06970220936318075
Upper Bound,0.6688194097701081
Outliers,"0.7552492866771142, 0.7740729416210278, 0.6697909010117589, 0.6758891988453904, 0.6804471050021976, 0.9915414556174159, 0.7846245150574108, 1.0495451767018185, 0.9436500482034945, 0.8116487386514359, 0.7233255888264332, 1.0484737556347092, 1.1151797651106918, 1.1770441911680791, 0.8200484464478094, 0.8424296713866248, 1.1322704399452028, 0.7128774510945975, 0.9688332161305224, 0.8942662265732095, 0.8245412668232086, 0.9957961056595572, 0.8521170180789948, 0.9917732346523584, 0.98263218832232"
