Metric,Value
Minimum (Q0),0.1316041756624928
Q1 (25%),0.269759916896198
Median (Q2),0.3369278134506026
Q3 (75%),0.43737421000674315
Maximum (Q4),0.6233832318390382
IQR (Q3 - Q1),0.16761429311054515
Lower Bound,0.018338477230380235
Upper Bound,0.6887956496725609
Outliers,None
