Metric,Value
Minimum (Q0),0.14169852923395357
Q1 (25%),0.20654400605539613
Median (Q2),0.27334510518009275
Q3 (75%),0.33927768867031466
Maximum (Q4),0.6485919128620923
IQR (Q3 - Q1),0.13273368261491852
Lower Bound,0.007443482133018348
Upper Bound,0.5383782125926925
Outliers,0.6485919128620923
