Metric,Value
Minimum (Q0),0.046901064411105
Q1 (25%),0.08038497727675165
Median (Q2),0.0968435462123614
Q3 (75%),0.1130675559272403
Maximum (Q4),0.1817587854914921
IQR (Q3 - Q1),0.03268257865048865
Lower Bound,0.031361109301018666
Upper Bound,0.16209142390297326
Outliers,"0.1817587854914921, 0.1812721001816817, 0.1815134217672316, 0.1635375147593871"
