Metric,Value
Minimum (Q0),0.09367709044522915
Q1 (25%),0.16134638483931413
Median (Q2),0.18592067871413837
Q3 (75%),0.24768927188826087
Maximum (Q4),0.44835314790066927
IQR (Q3 - Q1),0.08634288704894674
Lower Bound,0.03183205426589403
Upper Bound,0.37720360246168094
Outliers,0.44835314790066927
