Metric,Value
Minimum (Q0),0.08754540571128083
Q1 (25%),0.18076290327685163
Median (Q2),0.24135629522711585
Q3 (75%),0.3054311863628225
Maximum (Q4),0.4075383975738851
IQR (Q3 - Q1),0.12466828308597089
Lower Bound,-0.006239521352104704
Upper Bound,0.49243361099177885
Outliers,None
