Metric,Value
Minimum (Q0),0.1533651174834584
Q1 (25%),0.24094681897313397
Median (Q2),0.3104664468910003
Q3 (75%),0.42279788104170457
Maximum (Q4),0.8042420634245466
IQR (Q3 - Q1),0.1818510620685706
Lower Bound,-0.03182977412972193
Upper Bound,0.6955744741445604
Outliers,"0.7232924088579512, 0.8042420634245466"
