Metric,Value
Minimum (Q0),0.1616769694815483
Q1 (25%),0.23256799066815578
Median (Q2),0.29994093136688355
Q3 (75%),0.3695063118157691
Maximum (Q4),0.7552492866771142
IQR (Q3 - Q1),0.1369383211476133
Lower Bound,0.0271605089467358
Upper Bound,0.5749137935371891
Outliers,"0.6133562936204653, 0.7552492866771142"
