Metric,Value
Minimum (Q0),0.0760194871541593
Q1 (25%),0.1080488286109679
Median (Q2),0.1266994109369141
Q3 (75%),0.184790959752973
Maximum (Q4),0.2434122854299265
IQR (Q3 - Q1),0.0767421311420051
Lower Bound,-0.007064368102039739
Upper Bound,0.2999041564659806
Outliers,None
