Metric,Value
Minimum (Q0),0.07127740027756775
Q1 (25%),0.11549225573810194
Median (Q2),0.14255871585774574
Q3 (75%),0.20104660092613574
Maximum (Q4),0.43016487963381433
IQR (Q3 - Q1),0.0855543451880338
Lower Bound,-0.012839262043948765
Upper Bound,0.32937811870818645
Outliers,0.43016487963381433
