Metric,Value
Minimum (Q0),0.0527672393274358
Q1 (25%),0.12230447087678023
Median (Q2),0.1714901064415679
Q3 (75%),0.2529910950848554
Maximum (Q4),1.104364387310658
IQR (Q3 - Q1),0.13068662420807517
Lower Bound,-0.07372546543533251
Upper Bound,0.44902103139696814
Outliers,"0.4996691829767383, 0.5429494040215331, 0.4520343525768275, 0.4907356466012693, 0.4830527347619815, 0.7408359762699303, 0.4936597911880152, 0.8559838580337165, 0.5902592628521152, 0.765361731750903, 0.9698439646093736, 0.8952531026496535, 0.7776296380737341, 0.6752149521207212, 0.5223613617902402, 0.9133842684984372, 1.0101332156399798, 1.104364387310658, 0.4783132788632738, 0.8172158310241011, 0.7953843098246192, 1.063617005114058, 0.6419272187341305, 0.4923149527350714, 0.8567302656054758, 0.8704376187870213, 0.8123021309369781, 0.9418423025561246, 0.8792109575709326, 0.8809149414708336, 0.5926148390147481, 0.4576977059052318, 0.912793818964463"
