Metric,Value
Minimum (Q0),0.15420896892020663
Q1 (25%),0.23010686270996564
Median (Q2),0.24744780976345132
Q3 (75%),0.33698801922168387
Maximum (Q4),0.5893075745643681
IQR (Q3 - Q1),0.10688115651171823
Lower Bound,0.06978512794238831
Upper Bound,0.4973097539892612
Outliers,0.5893075745643681
