Metric,Value
Minimum (Q0),0.0960256673449268
Q1 (25%),0.19904957058202388
Median (Q2),0.2821786049659259
Q3 (75%),0.3094696006058783
Maximum (Q4),0.3809398019074338
IQR (Q3 - Q1),0.11042003002385442
Lower Bound,0.03341952554624225
Upper Bound,0.47509964564165996
Outliers,None
