Metric,Value
Minimum (Q0),0.0797454272240512
Q1 (25%),0.19892067535945435
Median (Q2),0.2698497689380971
Q3 (75%),0.36166416349207386
Maximum (Q4),0.7862680057159439
IQR (Q3 - Q1),0.16274348813261952
Lower Bound,-0.04519455683947493
Upper Bound,0.6057793956910031
Outliers,"0.6233832318390382, 0.7862680057159439, 0.733502784694632, 0.6294075051202559, 0.625183778700785, 0.6498593379718223, 0.616910864033697"
