Metric,Value
Minimum (Q0),0.11577279843778594
Q1 (25%),0.19170499738161362
Median (Q2),0.2501892416870948
Q3 (75%),0.42265331474154444
Maximum (Q4),0.5828511596875892
IQR (Q3 - Q1),0.23094831735993082
Lower Bound,-0.15471747865828261
Upper Bound,0.7690757907814407
Outliers,None
