Metric,Value
Minimum (Q0),0.12054425180626988
Q1 (25%),0.2090820420769991
Median (Q2),0.2791680371221493
Q3 (75%),0.33500280296743956
Maximum (Q4),0.6018792356596868
IQR (Q3 - Q1),0.12592076089044046
Lower Bound,0.0202009007413384
Upper Bound,0.5238839443031003
Outliers,0.6018792356596868
