Metric,Value
Minimum (Q0),0.19128399842001204
Q1 (25%),0.28179165762823033
Median (Q2),0.3290480417552595
Q3 (75%),0.4248199083216422
Maximum (Q4),0.6810762364319557
IQR (Q3 - Q1),0.14302825069341185
Lower Bound,0.06724928158811255
Upper Bound,0.6393622843617599
Outliers,0.6810762364319557
