Metric,Value
Minimum (Q0),0.0662915451755779
Q1 (25%),0.13019133606409744
Median (Q2),0.1539360347060532
Q3 (75%),0.1929856988458274
Maximum (Q4),0.4384265108684295
IQR (Q3 - Q1),0.06279436278172995
Lower Bound,0.035999791891502514
Upper Bound,0.2871772430184223
Outliers,"0.363634167846567, 0.4384265108684295"
