Metric,Value
Minimum (Q0),0.1054475501804265
Q1 (25%),0.16000908176349027
Median (Q2),0.1961760141096364
Q3 (75%),0.27027460571156536
Maximum (Q4),0.37418765681369875
IQR (Q3 - Q1),0.1102655239480751
Lower Bound,-0.005389204158622374
Upper Bound,0.435672891633678
Outliers,None
