Metric,Value
Minimum (Q0),0.14305899363926367
Q1 (25%),0.24823215856455122
Median (Q2),0.2982337741074841
Q3 (75%),0.4083492816184299
Maximum (Q4),0.6483225723363453
IQR (Q3 - Q1),0.1601171230538787
Lower Bound,0.008056473983733159
Upper Bound,0.648524966199248
Outliers,None
