Metric,Value
Minimum (Q0),0.0716157200734293
Q1 (25%),0.11681712480687509
Median (Q2),0.1446074842594666
Q3 (75%),0.17958765797746928
Maximum (Q4),0.3807548790121289
IQR (Q3 - Q1),0.0627705331705942
Lower Bound,0.022661325050983797
Upper Bound,0.27374345773336056
Outliers,"0.3807548790121289, 0.3342755969162193"
