Metric,Value
Minimum (Q0),0.07928919002547721
Q1 (25%),0.10263930765643331
Median (Q2),0.12655337704286226
Q3 (75%),0.15568831044069784
Maximum (Q4),0.3035614376944074
IQR (Q3 - Q1),0.053049002784264526
Lower Bound,0.02306580348003652
Upper Bound,0.2352618146170946
Outliers,"0.3035614376944074, 0.23691587736969566"
