Metric,Value
Minimum (Q0),0.1544007392614402
Q1 (25%),0.271162051284628
Median (Q2),0.3175617935962433
Q3 (75%),0.39182481735609687
Maximum (Q4),0.5429494040215331
IQR (Q3 - Q1),0.12066276607146886
Lower Bound,0.09016790217742471
Upper Bound,0.5728189664633001
Outliers,None
