Metric,Value
Minimum (Q0),0.3693308562533822
Q1 (25%),0.5170826394451716
Median (Q2),0.8200484464478094
Q3 (75%),0.987086821969868
Maximum (Q4),1.1770441911680791
IQR (Q3 - Q1),0.47000418252469633
Lower Bound,-0.18792363434187287
Upper Bound,1.6920930957569125
Outliers,None
