Metric,Value
Minimum (Q0),0.05532526025260535
Q1 (25%),0.08245262908566572
Median (Q2),0.09369974684334724
Q3 (75%),0.12180299184132203
Maximum (Q4),0.18020074295666322
IQR (Q3 - Q1),0.0393503627556563
Lower Bound,0.023427084952181272
Upper Bound,0.18082853597480647
Outliers,None
