Metric,Value
Minimum (Q0),0.0696393221849538
Q1 (25%),0.09587069451089796
Median (Q2),0.1580320144405826
Q3 (75%),0.2661651948358489
Maximum (Q4),0.4059349191389242
IQR (Q3 - Q1),0.17029450032495091
Lower Bound,-0.15957105597652838
Upper Bound,0.5216069453232752
Outliers,None
