Metric,Value
Minimum (Q0),0.1587038382087008
Q1 (25%),0.29375752960202806
Median (Q2),0.3631533491054888
Q3 (75%),0.45688334741163983
Maximum (Q4),0.6760881596933294
IQR (Q3 - Q1),0.16312581780961177
Lower Bound,0.0490688028876104
Upper Bound,0.7015720741260575
Outliers,None
