Metric,Value
Minimum (Q0),0.13915937983064536
Q1 (25%),0.2732399688501351
Median (Q2),0.3192332829210587
Q3 (75%),0.4514618012008571
Maximum (Q4),0.75871320061071
IQR (Q3 - Q1),0.17822183235072203
Lower Bound,0.005907220324052054
Upper Bound,0.7187945497269401
Outliers,0.75871320061071
