Metric,Value
Minimum (Q0),0.13858385180454258
Q1 (25%),0.1636724851206532
Median (Q2),0.17472462776575998
Q3 (75%),0.18957899278027762
Maximum (Q4),4.066376841375024
IQR (Q3 - Q1),0.025906507659624434
Lower Bound,0.12481272363121654
Upper Bound,0.22843875426971427
Outliers,4.066376841375024
