Metric,Value
Minimum (Q0),0.1337368510471402
Q1 (25%),0.157323345238115
Median (Q2),0.17320709014603236
Q3 (75%),0.1891875415373856
Maximum (Q4),3.669094749643784
IQR (Q3 - Q1),0.03186419629927059
Lower Bound,0.10952705078920912
Upper Bound,0.23698383598629147
Outliers,"3.669094749643784, 0.2653293591098282"
