Metric,Value
Minimum (Q0),0.02880652843495868
Q1 (25%),0.03898416734963664
Median (Q2),0.04494640664181046
Q3 (75%),0.04747059997551378
Maximum (Q4),2.4252353673042983
IQR (Q3 - Q1),0.008486432625877144
Lower Bound,0.026254518410820923
Upper Bound,0.0602002489143295
Outliers,2.4252353673042983
