Metric,Value
Minimum (Q0),0.08579958371810732
Q1 (25%),0.12397655055334368
Median (Q2),0.13232652192738845
Q3 (75%),0.15035254524849986
Maximum (Q4),2.6698407268860023
IQR (Q3 - Q1),0.026375994695156182
Lower Bound,0.08441255851060941
Upper Bound,0.18991653729123414
Outliers,2.6698407268860023
