Metric,Value
Minimum (Q0),0.14206718241604094
Q1 (25%),0.1921814194779245
Median (Q2),0.20259366631261946
Q3 (75%),0.23463407322528052
Maximum (Q4),4.604144626004359
IQR (Q3 - Q1),0.04245265374735602
Lower Bound,0.12850243885689047
Upper Bound,0.29831305384631457
Outliers,4.604144626004359
