Metric,Value
Minimum (Q0),0.03690064100977752
Q1 (25%),0.04420719980228842
Median (Q2),0.046680076994418576
Q3 (75%),0.05196513125374676
Maximum (Q4),0.5757439386308925
IQR (Q3 - Q1),0.007757931451458339
Lower Bound,0.03257030262510091
Upper Bound,0.06360202843093427
Outliers,"0.1736526861675547, 0.5757439386308925"
