Metric,Value
Minimum (Q0),0.06563887810438117
Q1 (25%),0.09210558515197168
Median (Q2),0.11025821726523888
Q3 (75%),0.13102166936842238
Maximum (Q4),1.826585690729692
IQR (Q3 - Q1),0.03891608421645071
Lower Bound,0.03373145882729561
Upper Bound,0.18939579569309845
Outliers,1.826585690729692
