Metric,Value
Minimum (Q0),0.028264586032359703
Q1 (25%),0.060327801997461336
Median (Q2),0.08985903614444662
Q3 (75%),0.13190205616602366
Maximum (Q4),3.1530273566231495
IQR (Q3 - Q1),0.07157425416856232
Lower Bound,-0.04703357925538214
Upper Bound,0.23926343741886713
Outliers,"1.7496192924732277, 1.8886378275069426, 2.705959561676641, 0.6053271782932351, 3.1530273566231495, 1.5014926931515675, 2.8759803222393185, 2.0443423364225533, 0.5757439386308925, 2.6637642809084676"
