Metric,Value
Minimum (Q0),0.03338304973996993
Q1 (25%),0.03885347021478003
Median (Q2),0.0459011432858004
Q3 (75%),0.05503720428764797
Maximum (Q4),1.8167601483380007
IQR (Q3 - Q1),0.01618373407286794
Lower Bound,0.01457786910547812
Upper Bound,0.07931280539694988
Outliers,"0.08189445685287898, 1.8167601483380007"
