Metric,Value
Minimum (Q0),0.08336414497802265
Q1 (25%),0.09815432367198684
Median (Q2),0.1071111749753369
Q3 (75%),0.1302065466068009
Maximum (Q4),3.1530273566231495
IQR (Q3 - Q1),0.03205222293481405
Lower Bound,0.05007598926976577
Upper Bound,0.17828488100902196
Outliers,3.1530273566231495
