Metric,Value
Minimum (Q0),0.044227872405675765
Q1 (25%),0.05328383282713149
Median (Q2),0.06584540246059013
Q3 (75%),0.08233922261082083
Maximum (Q4),1.7922908088639942
IQR (Q3 - Q1),0.029055389783689337
Lower Bound,0.009700748151597487
Upper Bound,0.12592230728635484
Outliers,1.7922908088639942
