Metric,Value
Minimum (Q0),0.06168629504450416
Q1 (25%),0.1193163642721603
Median (Q2),0.1277213905321526
Q3 (75%),0.1377285285555115
Maximum (Q4),2.1526081818506055
IQR (Q3 - Q1),0.018412164283351184
Lower Bound,0.09169811784713353
Upper Bound,0.16534677498053826
Outliers,"2.1526081818506055, 0.06168629504450416, 0.07271561539473274, 0.09126501453648801"
