Metric,Value
Minimum (Q0),0.030319370538691343
Q1 (25%),0.032810148585260226
Median (Q2),0.0351967011109255
Q3 (75%),0.04002584564984121
Maximum (Q4),0.5488388017663303
IQR (Q3 - Q1),0.0072156970645809865
Lower Bound,0.021986602988388747
Upper Bound,0.05084939124671269
Outliers,0.5488388017663303
