Metric,Value
Minimum (Q0),0.0911498023578649
Q1 (25%),0.10332899645554108
Median (Q2),0.11054249277512661
Q3 (75%),0.1176437086166901
Maximum (Q4),2.089242550877021
IQR (Q3 - Q1),0.014314712161149018
Lower Bound,0.08185692821381756
Upper Bound,0.13911577685841364
Outliers,"2.089242550877021, 0.15006974482515023"
