Metric,Value
Minimum (Q0),0.06179574477331688
Q1 (25%),0.11933822340138002
Median (Q2),0.12759263630405207
Q3 (75%),0.1377830451958642
Maximum (Q4),2.152968533153743
IQR (Q3 - Q1),0.018444821794484187
Lower Bound,0.09167099070965373
Upper Bound,0.16545027788759048
Outliers,"2.152968533153743, 0.06179574477331688, 0.07270597194203257, 0.09144089423944154"
