Metric,Value
Minimum (Q0),0.02432522347664225
Q1 (25%),0.04034257477574549
Median (Q2),0.08757759573454503
Q3 (75%),0.1316645297567157
Maximum (Q4),3.2674081265914947
IQR (Q3 - Q1),0.0913219549809702
Lower Bound,-0.09664035769570983
Upper Bound,0.26864746222817104
Outliers,"2.089242550877021, 1.9913444820454418, 2.8549445548999035, 0.5226387098312778, 3.2674081265914947, 1.8167601483380007, 3.0163828806623907, 2.4244569367190008, 0.5487798403698247, 2.862634733951605"
