Metric,Value
Minimum (Q0),0.14287731052834401
Q1 (25%),0.15173817704601378
Median (Q2),0.1627750697654523
Q3 (75%),0.17732635922940654
Maximum (Q4),2.8759803222393185
IQR (Q3 - Q1),0.02558818218339276
Lower Bound,0.11335590377092464
Upper Bound,0.21570863250449568
Outliers,2.8759803222393185
